{
	"id": "dfreds-pocket-change",
	"title": "DFreds Pocket Change",
	"description": "Automatically adds money to NPC character sheets when dropped on the canvas based on the DMG's individual treasures table. This is best used with Loot Sheet NPC 5e.",
	"author": "DFreds",
	"authors": [{
		"name": "DFreds",
		"url": "https://github.com/DFreds",
		"discord": "DFreds#1238"
	}],
	"url": "https://github.com/DFreds/dfreds-pocket-change",
	"license": "https://github.com/DFreds/dfreds-pocket-change/blob/main/LICENSE",
	"readme": "https://github.com/DFreds/dfreds-pocket-change/blob/main/README.md",
	"bugs": "https://github.com/DFreds/dfreds-pocket-change/issues",
	"changelog": "https://github.com/DFreds/dfreds-pocket-change/releases",
	"flags": {},
	"version": "2.0.3",
	"compatibility": {
		"minimum": 10,
		"verified": "10"
	},
	"scripts": [],
	"esmodules": ["./scripts/main.js"],
	"styles": [],
	"languages": [{
		"lang": "en",
		"name": "English",
		"path": "lang/en.json"
	}],
	"packs": [{
		"name": "dfreds-pocket-change-macros",
		"label": "DFreds Pocket Change Macros",
		"path": "packs/macros.db",
		"module": "dfreds-pocket-change",
		"type": "Macro",
		"private": false
	}],
	"relationships": {
		"systems": [{
			"id": "dnd5e",
			"type": "system",
			"compatibility": {
				"minimum": "2.0.3"
			}
		}],
		"socket": false,
		"manifest": "https://raw.githubusercontent.com/TooSoonForThePelle/dfreds-pocket-change/main/module.json",
		"download": "https://github.com/TooSoonForThePelle/dfreds-pocket-change/releases/latest/download/dfreds-pocket-change.zip",
		"protected": false,
		"coreTranslation": false
	}
}